id_operacao,distancia_km,volume_transportado_ton,tipo_veiculo,dias_chuva_rota,valor_pedagios_brt,tempo_carregamento_horas,custo_frete_real,status_entrega
1,480.72,19.26,Truck,2,135.82,4.1,2915.42,Atrasado
2,1143.32,37.1,Truck,0,509.03,5.1,4875.97,Atrasado
3,891.79,53.65,Rodotrem,4,247.08,5.9,4635.51,No Prazo
4,738.46,46.61,Truck,2,552.09,2.4,4174.17,Atrasado
5,229.42,50.33,Truck,1,361.13,4.1,1848.29,Atrasado
6,229.39,42.94,Carreta,2,150.47,6.8,2506.16,Atrasado
7,116.8,44.61,Carreta,2,126.78,5.6,1912.91,No Prazo
8,1046.1,52.46,Carreta,1,367.06,3.9,4902.45,Atrasado
9,741.28,22.48,Truck,3,469.04,5.6,3857.71,No Prazo
10,864.28,34.47,Carreta,3,479.83,1.8,4678.98,Atrasado
11,73.67,21.06,Truck,0,201.67,3.8,1269.94,No Prazo
12,1165.4,59.38,Truck,0,162.34,6.6,5216.55,No Prazo
13,1007.31,57.2,Rodotrem,3,59.22,2.5,5064.74,Atrasado
14,294.19,11.97,Truck,4,423.56,2.3,2554.44,Atrasado
15,259.1,45.28,Carreta,2,92.11,7.7,2521.93,Atrasado
16,260.92,56.26,Carreta,4,281.42,2.5,2792.4,Atrasado
17,399.88,19.03,Truck,2,380.93,2.8,2557.44,No Prazo
18,653.47,38.4,Rodotrem,3,565.41,7.8,3875.99,Atrasado
19,546.74,55.77,Truck,0,221.49,6.1,3301.25,Atrasado
20,384.91,11.7,Carreta,0,187.37,5.9,1854.74,No Prazo
21,753.63,44.87,Rodotrem,4,409.79,7.0,4462.11,Atrasado
22,210.42,24.87,Carreta,0,390.58,1.8,1083.63,No Prazo
23,385.97,56.22,Rodotrem,3,232.66,5.9,2916.44,Atrasado
24,471.32,58.55,Truck,4,560.46,4.5,3801.82,No Prazo
25,574.48,57.21,Carreta,2,514.67,6.8,4291.3,Atrasado
26,952.95,33.71,Truck,0,173.19,4.6,4145.16,No Prazo
27,279.62,53.1,Carreta,1,181.53,5.3,2729.02,No Prazo
28,641.37,52.23,Rodotrem,0,331.77,4.3,3912.17,Atrasado
29,731.28,25.96,Truck,2,475.46,4.3,3896.63,Atrasado
30,103.42,51.45,Carreta,4,74.22,6.4,2293.35,Atrasado
31,748.68,11.85,Truck,2,431.33,5.4,3318.51,No Prazo
32,246.1,39.81,Carreta,1,406.53,5.4,2926.63,No Prazo
33,124.81,21.5,Carreta,3,177.31,4.2,1198.35,Atrasado
34,1141.22,16.03,Rodotrem,0,424.74,4.7,4635.8,No Prazo
35,1160.48,13.85,Carreta,4,567.1,6.2,5689.78,Atrasado
36,979.66,44.81,Truck,3,75.73,6.8,5061.24,No Prazo
37,400.31,26.99,Truck,2,225.81,5.9,2241.1,No Prazo
38,162.32,46.24,Truck,4,291.0,7.5,2491.77,Atrasado
39,836.87,13.27,Truck,3,544.59,6.7,4006.75,Atrasado
40,556.18,25.76,Truck,4,579.24,4.9,3073.57,Atrasado
41,190.34,36.97,Rodotrem,1,294.26,5.7,2042.91,No Prazo
42,619.45,49.54,Carreta,1,462.52,7.5,3646.2,No Prazo
43,89.55,25.94,Carreta,0,342.41,5.3,1812.53,No Prazo
44,1095.72,41.29,Truck,0,345.78,6.8,5119.86,No Prazo
45,347.6,54.3,Rodotrem,1,202.95,5.8,2745.09,Atrasado
46,811.9,40.79,Carreta,4,169.33,4.9,4204.82,Atrasado
47,408.47,21.65,Truck,1,208.4,2.7,2224.74,No Prazo
48,648.08,11.22,Carreta,0,355.98,4.0,2755.03,Atrasado
49,678.72,53.5,Carreta,1,66.04,7.8,3761.81,No Prazo
50,262.58,11.06,Truck,1,548.99,5.6,2588.82,No Prazo
51,1165.02,53.74,Carreta,4,135.96,5.0,5361.92,Atrasado
52,941.4,36.45,Carreta,3,171.05,7.5,4614.04,Atrasado
53,1130.42,56.95,Truck,0,335.05,5.1,5444.41,No Prazo
54,1079.05,49.94,Rodotrem,4,440.56,4.7,5507.4,Atrasado
55,737.58,59.9,Rodotrem,1,102.65,6.3,4480.27,No Prazo
56,1110.16,27.54,Carreta,1,224.73,6.0,4926.5,Atrasado
57,151.77,48.36,Carreta,3,582.77,2.4,2293.25,No Prazo
58,275.38,30.1,Carreta,0,194.29,4.3,1893.53,No Prazo
59,102.01,33.99,Carreta,0,222.18,4.3,1164.05,No Prazo
60,424.13,41.38,Carreta,2,510.07,3.6,2853.13,No Prazo
61,496.98,53.68,Truck,0,77.62,4.6,2822.14,Atrasado
62,362.05,59.2,Carreta,3,305.54,3.9,3553.83,Atrasado
63,1003.05,48.41,Rodotrem,2,258.79,2.4,4983.56,Atrasado
64,460.27,30.89,Carreta,2,224.12,3.9,2741.23,No Prazo
65,373.07,31.07,Truck,1,207.13,1.5,2419.57,No Prazo
66,674.1,46.88,Carreta,1,100.26,5.0,3581.81,No Prazo
67,212.06,21.94,Truck,0,223.15,7.0,1295.69,No Prazo
68,972.53,15.52,Truck,2,73.68,6.1,4026.59,No Prazo
69,135.73,27.73,Truck,1,479.53,3.5,1716.06,Atrasado
70,1184.92,24.36,Truck,3,269.03,1.6,5257.76,No Prazo
71,938.08,24.82,Carreta,1,294.15,2.4,3842.82,Atrasado
72,278.52,21.68,Carreta,1,541.48,4.8,1939.18,No Prazo
73,56.35,12.1,Truck,2,411.93,2.4,1216.39,No Prazo
74,987.78,10.89,Rodotrem,2,54.43,4.8,3757.72,No Prazo
75,862.89,59.39,Rodotrem,4,568.75,2.6,5031.97,Atrasado
76,888.36,31.39,Rodotrem,3,180.43,6.9,4358.94,Atrasado
77,936.96,29.22,Truck,2,109.19,3.8,4008.51,Atrasado
78,135.15,43.98,Carreta,0,472.47,2.7,2120.54,Atrasado
79,462.24,20.91,Rodotrem,3,325.26,6.7,3390.1,No Prazo
80,183.25,57.5,Carreta,3,288.57,3.4,2788.84,No Prazo
81,1042.57,49.32,Truck,2,187.23,1.8,4269.85,No Prazo
82,766.79,14.47,Truck,3,351.11,5.0,3572.71,Atrasado
83,430.53,30.88,Carreta,2,200.91,5.1,2635.85,Atrasado
84,123.09,53.96,Rodotrem,1,545.87,6.0,1807.16,No Prazo
85,407.63,57.24,Carreta,4,168.36,2.7,2975.33,No Prazo
86,423.96,33.37,Carreta,1,536.4,4.1,2791.3,Atrasado
87,889.05,40.67,Truck,2,357.67,3.0,4250.0,Atrasado
88,783.19,18.35,Carreta,2,505.67,1.6,3724.77,No Prazo
89,1070.29,59.56,Rodotrem,1,442.07,7.1,5029.83,Atrasado
90,593.05,21.58,Truck,0,433.18,6.1,2886.3,No Prazo
91,187.53,57.14,Carreta,0,228.39,3.1,2057.58,No Prazo
92,870.23,42.48,Rodotrem,0,178.64,5.2,3991.08,No Prazo
93,924.9,40.39,Truck,2,165.99,2.4,4406.76,Atrasado
94,695.47,35.63,Carreta,3,521.46,7.2,4314.88,No Prazo
95,936.61,21.53,Truck,2,501.23,1.8,4153.79,Atrasado
96,617.86,18.83,Carreta,3,292.32,1.0,3144.45,No Prazo
97,651.14,21.02,Carreta,1,122.82,4.5,2719.83,No Prazo
98,541.67,19.32,Carreta,4,260.24,5.1,3115.28,Atrasado
99,79.23,48.98,Carreta,3,390.64,5.1,1914.13,No Prazo
100,174.08,27.51,Truck,0,299.92,1.4,1741.78,No Prazo
101,86.14,12.89,Rodotrem,2,479.1,3.2,1364.72,Atrasado
102,781.87,58.46,Carreta,1,598.69,4.5,4847.14,No Prazo
103,411.51,54.19,Truck,0,155.12,2.5,2665.82,No Prazo
104,634.86,56.39,Carreta,1,302.81,7.1,3588.68,No Prazo
105,1093.7,59.75,Carreta,4,287.04,1.6,5617.71,Atrasado
106,336.69,18.69,Truck,2,217.47,4.4,2394.21,Atrasado
107,521.94,29.81,Rodotrem,2,158.95,5.8,2932.46,No Prazo
108,918.88,47.91,Rodotrem,4,86.13,2.8,4651.13,Atrasado
109,313.12,44.8,Truck,2,537.92,5.4,2750.87,Atrasado
110,138.53,17.69,Rodotrem,3,280.92,6.8,1839.87,No Prazo
111,383.21,50.79,Truck,1,323.29,2.3,2800.15,No Prazo
112,235.4,21.22,Truck,0,554.32,7.4,1885.92,No Prazo
113,1119.15,21.19,Truck,4,476.96,4.9,4960.87,Atrasado
114,979.34,36.85,Rodotrem,3,121.78,3.1,4910.36,Atrasado
115,778.41,39.65,Carreta,0,360.98,4.0,3946.83,No Prazo
116,1052.18,39.0,Truck,0,293.24,3.2,4357.92,Atrasado
117,974.22,14.57,Carreta,4,488.47,6.1,4839.13,Atrasado
118,264.56,53.87,Carreta,3,448.33,6.6,2601.01,No Prazo
119,1076.44,23.28,Truck,0,429.72,6.8,4040.25,Atrasado
120,670.24,16.48,Rodotrem,0,237.3,7.9,3398.95,No Prazo
121,978.56,54.44,Rodotrem,3,492.73,6.5,5447.91,Atrasado
122,1080.5,57.78,Carreta,2,78.82,5.2,5122.15,Atrasado
123,415.7,53.11,Rodotrem,0,137.79,3.4,2663.81,No Prazo
124,176.56,50.48,Carreta,1,234.59,4.8,3066.06,No Prazo
125,312.13,42.76,Rodotrem,3,92.24,1.3,2636.46,Atrasado
126,541.17,37.54,Carreta,0,179.25,6.2,2583.08,No Prazo
127,990.72,14.35,Carreta,4,506.58,4.1,4236.07,Atrasado
128,1039.84,30.42,Truck,1,571.54,1.1,4967.95,No Prazo
129,57.99,28.63,Rodotrem,0,217.53,1.4,1245.27,No Prazo
130,637.36,22.99,Carreta,1,195.48,3.7,3156.37,Atrasado
131,530.02,46.17,Truck,1,203.94,5.1,2892.2,Atrasado
132,305.42,34.79,Truck,2,202.75,4.2,2425.3,No Prazo
133,187.85,14.05,Carreta,1,69.76,5.3,1121.78,No Prazo
134,438.26,21.01,Carreta,2,559.8,4.4,3059.25,No Prazo
135,1134.35,44.16,Carreta,3,167.53,5.6,5617.13,Atrasado
136,421.68,13.81,Rodotrem,2,281.0,2.5,2140.91,No Prazo
137,646.61,52.56,Truck,4,55.33,1.8,4100.11,Atrasado
138,858.47,34.76,Carreta,0,521.88,5.2,4189.12,No Prazo
139,468.17,34.03,Truck,3,452.14,4.4,3380.39,Atrasado
140,1167.55,39.62,Rodotrem,3,570.72,1.2,5137.15,Atrasado
141,1156.81,51.23,Rodotrem,4,479.89,3.7,5958.49,Atrasado
142,339.55,27.39,Carreta,2,222.54,1.7,1984.44,No Prazo
143,621.84,43.9,Carreta,0,186.33,4.7,3343.81,No Prazo
144,396.01,38.29,Truck,2,433.74,3.8,3320.34,No Prazo
145,377.57,23.35,Carreta,1,250.26,5.3,2380.64,No Prazo
146,92.42,53.93,Rodotrem,2,361.42,6.6,1987.65,No Prazo
147,751.0,49.87,Carreta,3,53.44,3.1,4147.24,Atrasado
148,628.08,42.92,Truck,0,84.04,7.7,3371.99,No Prazo
149,109.2,52.53,Carreta,2,344.45,4.7,2792.01,No Prazo
150,370.44,53.36,Rodotrem,0,361.34,5.3,2848.42,Atrasado
151,1094.51,45.42,Truck,0,463.3,5.8,4897.65,Atrasado
152,325.5,51.85,Truck,1,122.58,5.7,2763.67,Atrasado
153,216.63,44.87,Carreta,1,332.25,4.6,2174.82,Atrasado
154,612.87,44.01,Rodotrem,3,156.95,4.0,3584.39,Atrasado
155,1183.5,40.93,Truck,4,101.26,1.4,5016.66,Atrasado
156,328.36,47.64,Truck,0,275.77,1.2,2207.31,No Prazo
157,822.96,17.93,Truck,4,139.84,3.5,3880.29,Atrasado
158,925.86,54.04,Truck,3,171.98,3.3,4683.95,No Prazo
159,323.28,53.59,Carreta,0,224.66,3.7,2231.51,No Prazo
160,887.45,11.46,Carreta,0,192.66,2.0,3425.25,No Prazo
161,472.95,51.29,Carreta,4,98.18,6.2,3167.8,Atrasado
162,777.15,16.44,Carreta,2,99.45,7.0,3184.55,Atrasado
163,778.56,26.76,Truck,1,156.29,7.6,3872.22,Atrasado
164,666.14,47.18,Rodotrem,2,77.81,4.4,3764.02,No Prazo
165,153.83,18.04,Carreta,4,394.55,5.9,1714.24,Atrasado
166,1010.6,50.9,Rodotrem,1,208.03,7.0,4309.28,No Prazo
167,418.9,51.61,Carreta,2,203.86,3.9,2665.7,Atrasado
168,264.5,35.37,Truck,1,232.6,3.2,1987.17,No Prazo
169,96.89,10.32,Carreta,0,414.54,7.6,1636.65,No Prazo
170,729.53,24.35,Truck,2,528.85,4.6,3785.82,Atrasado
171,829.2,40.85,Carreta,1,467.5,4.5,4000.43,No Prazo
172,69.08,59.06,Truck,1,450.14,2.2,2038.85,No Prazo
173,638.91,41.59,Truck,1,316.42,1.8,3315.35,No Prazo
174,310.47,22.99,Rodotrem,2,431.59,6.9,2069.61,No Prazo
175,791.95,41.7,Truck,3,354.02,5.3,3941.34,No Prazo
176,250.52,37.0,Rodotrem,2,168.94,3.3,1697.14,Atrasado
177,844.58,48.99,Truck,4,164.72,2.3,5208.15,Atrasado
178,494.75,15.35,Carreta,2,213.02,4.9,2875.51,No Prazo
179,1127.24,48.05,Carreta,1,550.94,5.1,5249.89,No Prazo
180,208.15,37.06,Carreta,0,351.08,2.4,2136.72,Atrasado
181,442.23,58.15,Truck,2,453.65,7.0,3395.07,No Prazo
182,180.49,27.09,Truck,2,240.61,1.6,2008.35,No Prazo
183,1113.4,41.63,Truck,1,274.24,3.5,4935.55,Atrasado
184,1058.94,56.6,Truck,0,119.06,5.8,4618.81,Atrasado
185,346.63,15.13,Carreta,0,144.21,2.9,1874.71,No Prazo
186,808.98,56.86,Rodotrem,4,505.05,6.8,5098.52,No Prazo
187,989.81,44.39,Rodotrem,2,371.66,6.2,5067.55,No Prazo
188,688.48,13.39,Carreta,0,235.64,6.5,3069.45,No Prazo
189,659.1,25.05,Carreta,0,491.57,1.8,3203.09,No Prazo
190,328.13,45.41,Carreta,3,185.59,2.0,2843.15,Atrasado
191,157.07,13.37,Truck,3,586.82,3.0,2705.25,No Prazo
192,1081.8,39.11,Rodotrem,0,239.65,4.6,5010.03,No Prazo
193,1085.48,27.29,Carreta,4,235.52,6.2,5176.17,Atrasado
194,778.07,41.05,Carreta,0,221.55,6.9,3702.09,No Prazo
195,439.88,12.29,Truck,1,117.16,5.9,2130.78,No Prazo
196,451.59,53.58,Carreta,2,111.13,7.5,2818.82,No Prazo
197,884.85,58.67,Carreta,4,406.46,6.2,5403.4,Atrasado
198,1081.68,58.44,Rodotrem,1,531.31,3.1,5045.13,Atrasado
199,1070.15,47.48,Carreta,4,484.79,2.9,5397.17,Atrasado
200,946.86,16.5,Truck,1,127.61,5.9,4100.67,Atrasado
201,788.34,47.91,Rodotrem,2,350.07,2.4,4083.94,Atrasado
202,146.76,11.23,Truck,2,108.08,1.6,1012.17,No Prazo
203,235.87,11.11,Carreta,3,74.91,4.7,1355.43,No Prazo
204,1083.34,26.18,Truck,1,411.01,6.8,5200.54,No Prazo
205,747.39,34.43,Carreta,3,344.33,1.7,3640.75,Atrasado
206,60.58,48.52,Rodotrem,1,95.11,6.5,1461.56,Atrasado
207,166.69,44.16,Truck,3,69.22,6.7,1644.99,Atrasado
208,813.03,32.3,Rodotrem,2,594.37,4.4,4291.51,Atrasado
209,55.82,23.68,Truck,4,66.51,1.4,1241.39,Atrasado
210,234.93,59.86,Rodotrem,3,294.49,2.2,2738.3,No Prazo
211,681.04,31.31,Carreta,1,327.54,6.0,3168.06,Atrasado
212,845.68,32.57,Rodotrem,1,114.5,6.0,4077.19,No Prazo
213,799.76,18.18,Truck,2,142.98,7.3,3142.69,No Prazo
214,307.91,49.74,Rodotrem,1,243.49,5.1,2501.47,No Prazo
215,869.01,44.68,Carreta,0,468.92,1.9,4183.64,Atrasado
216,322.84,21.04,Truck,4,328.9,1.8,2448.04,Atrasado
217,424.21,14.12,Rodotrem,3,400.85,6.0,2809.81,No Prazo
218,908.47,44.02,Truck,4,591.85,2.3,5242.92,Atrasado
219,797.08,42.73,Rodotrem,2,472.4,3.3,4654.61,No Prazo
220,1026.61,23.66,Truck,3,288.9,4.4,4623.25,No Prazo
221,806.25,57.54,Carreta,3,295.54,1.2,4130.91,No Prazo
222,703.55,17.55,Carreta,0,390.32,2.7,3260.8,No Prazo
223,157.73,31.62,Truck,2,415.95,3.9,1900.77,No Prazo
224,472.87,57.18,Truck,1,325.39,3.0,3547.2,No Prazo
225,354.98,30.99,Truck,0,404.67,2.0,2017.84,No Prazo
226,330.59,41.93,Carreta,0,62.94,6.1,1923.16,No Prazo
227,1168.96,29.88,Truck,4,286.29,6.7,5542.94,Atrasado
228,502.06,23.71,Carreta,4,203.42,2.8,2454.67,Atrasado
229,1075.85,59.2,Truck,4,121.05,6.4,5409.14,Atrasado
230,775.81,30.47,Truck,0,104.75,3.7,3221.85,No Prazo
231,964.03,54.7,Carreta,1,381.76,4.5,4892.4,No Prazo
232,628.03,21.5,Truck,3,337.98,7.0,3235.79,Atrasado
233,713.44,20.66,Rodotrem,4,189.47,6.2,3490.51,No Prazo
234,616.4,11.56,Rodotrem,1,309.02,6.6,3316.65,No Prazo
235,274.53,42.58,Carreta,2,320.73,2.0,2361.63,No Prazo
236,880.82,28.43,Carreta,4,157.25,1.5,4422.01,Atrasado
237,372.89,53.22,Rodotrem,3,408.65,7.3,3212.32,Atrasado
238,77.96,33.66,Truck,2,479.51,3.7,1803.53,No Prazo
239,792.29,58.41,Truck,2,485.3,3.0,4586.37,Atrasado
240,253.68,19.28,Truck,3,381.36,6.1,2819.44,Atrasado
241,1131.53,53.43,Carreta,4,331.4,6.9,5793.75,Atrasado
242,1147.02,48.83,Truck,0,83.55,7.0,4933.07,Atrasado
243,1102.09,48.55,Carreta,3,208.31,3.2,5548.34,Atrasado
244,475.68,52.24,Rodotrem,3,101.3,7.0,3249.85,Atrasado
245,67.78,48.05,Rodotrem,3,580.1,1.3,2262.28,No Prazo
246,1117.57,41.31,Carreta,2,124.29,1.3,5112.38,No Prazo
247,542.41,16.56,Truck,1,133.48,5.4,2414.52,Atrasado
248,1161.65,11.63,Rodotrem,0,539.27,1.4,4638.03,Atrasado
249,1158.16,56.04,Carreta,4,569.16,3.3,6572.66,Atrasado
250,1030.96,40.83,Truck,4,471.21,5.7,5666.62,No Prazo
251,388.62,49.83,Truck,1,52.97,3.4,2598.97,No Prazo
252,492.86,34.08,Rodotrem,3,50.74,2.3,2739.04,Atrasado
253,1028.81,15.87,Carreta,0,257.96,3.0,3804.52,Atrasado
254,414.46,16.26,Rodotrem,4,128.87,4.2,2261.37,No Prazo
255,244.92,44.28,Rodotrem,4,60.11,4.3,2908.78,Atrasado
256,690.32,31.52,Carreta,3,305.24,6.5,4251.27,Atrasado
257,1126.58,20.03,Carreta,1,568.68,6.3,4802.14,Atrasado
258,850.43,34.58,Carreta,0,228.1,4.2,3883.22,Atrasado
259,705.57,13.21,Truck,1,413.63,6.9,3437.63,No Prazo
260,161.75,39.1,Carreta,1,408.73,1.8,2225.45,No Prazo
261,757.26,23.45,Carreta,0,188.09,2.8,3288.26,No Prazo
262,1188.56,49.88,Carreta,0,407.73,6.8,5442.12,Atrasado
263,211.1,25.52,Rodotrem,4,166.78,3.6,1919.15,Atrasado
264,646.08,32.76,Carreta,4,117.1,7.9,3871.5,Atrasado
265,1058.98,10.58,Carreta,0,435.76,4.3,4125.48,No Prazo
266,901.88,13.62,Carreta,2,112.39,6.5,3934.77,Atrasado
267,851.57,29.62,Carreta,4,598.3,3.8,4623.69,Atrasado
268,857.86,34.0,Carreta,2,150.9,4.0,3896.3,Atrasado
269,463.41,40.0,Truck,0,376.78,3.7,2472.87,No Prazo
270,387.63,24.58,Carreta,4,276.26,6.0,3013.37,No Prazo
271,980.77,44.75,Truck,1,119.51,4.8,4466.25,No Prazo
272,981.63,53.01,Truck,0,65.31,7.6,5076.93,Atrasado
273,1047.13,48.99,Carreta,3,392.5,2.8,4905.43,No Prazo
274,1100.23,11.98,Carreta,2,493.72,1.7,4802.69,Atrasado
275,638.04,34.03,Rodotrem,0,513.11,3.8,3332.58,No Prazo
276,626.74,15.25,Carreta,0,315.49,5.3,3490.49,No Prazo
277,968.04,22.1,Carreta,4,477.6,7.0,5087.82,Atrasado
278,797.46,59.33,Carreta,4,420.07,3.4,4907.29,Atrasado
279,857.26,17.12,Carreta,4,448.34,5.6,4355.7,Atrasado
280,965.16,34.94,Truck,3,320.93,3.5,4452.43,Atrasado
281,1073.51,40.91,Truck,4,398.38,5.3,5528.41,Atrasado
282,438.69,45.12,Truck,0,493.04,7.2,2654.32,No Prazo
283,481.92,37.98,Carreta,4,268.84,2.6,2823.74,No Prazo
284,158.08,10.49,Truck,1,493.29,3.8,1831.7,No Prazo
285,715.02,26.32,Truck,4,375.61,8.0,3608.8,Atrasado
286,91.33,35.89,Truck,3,141.25,7.1,1788.65,Atrasado
287,585.44,14.39,Rodotrem,1,63.58,5.0,2281.27,Atrasado
288,674.04,27.53,Truck,0,249.51,4.6,3011.24,No Prazo
289,379.52,11.66,Carreta,0,350.68,3.0,1980.39,Atrasado
290,729.46,13.93,Truck,2,511.9,4.6,3922.28,No Prazo
291,85.08,29.85,Carreta,1,120.12,6.9,1789.97,No Prazo
292,92.95,16.64,Truck,2,490.11,5.8,1401.38,No Prazo
293,995.99,38.38,Truck,1,524.65,3.0,4562.87,No Prazo
294,464.22,44.47,Carreta,1,132.88,2.4,3904.61,Atrasado
295,196.12,50.03,Truck,3,518.38,2.9,2566.5,Atrasado
296,650.58,20.01,Truck,2,595.3,2.2,3182.67,No Prazo
297,935.49,18.37,Truck,3,449.76,1.7,4094.25,Atrasado
298,298.19,15.23,Truck,1,481.62,3.9,1981.73,Atrasado
299,766.32,41.82,Truck,0,596.93,1.8,3774.09,No Prazo
300,148.15,45.32,Truck,1,383.01,2.2,1862.54,Atrasado
301,109.43,11.58,Rodotrem,3,219.34,4.8,1461.53,No Prazo
302,661.06,56.81,Carreta,2,510.64,2.2,4050.09,Atrasado
303,671.73,12.6,Carreta,2,387.97,1.4,2847.66,Atrasado
304,783.04,37.06,Truck,3,369.66,3.2,4263.27,No Prazo
305,885.01,45.45,Rodotrem,2,189.5,2.5,4300.95,Atrasado
306,1172.23,53.55,Truck,4,465.98,4.6,6159.99,Atrasado
307,643.75,45.7,Truck,0,94.92,1.7,2548.18,No Prazo
308,421.4,50.09,Carreta,0,558.36,6.3,3170.51,No Prazo
309,964.46,26.97,Truck,0,229.2,7.3,3570.25,Atrasado
310,361.46,50.74,Truck,2,120.28,6.2,2747.6,Atrasado
311,554.82,14.01,Carreta,2,293.3,4.7,3053.28,Atrasado
312,140.22,54.74,Rodotrem,1,73.36,7.0,2321.12,No Prazo
313,79.15,37.38,Carreta,1,426.54,5.9,1898.0,No Prazo
314,1157.05,50.86,Carreta,0,546.49,1.1,5422.15,No Prazo
315,1011.38,32.62,Rodotrem,4,510.49,3.8,5034.36,Atrasado
316,850.37,42.18,Truck,1,120.05,7.0,3947.72,No Prazo
317,520.3,36.32,Truck,1,119.45,3.4,3566.0,No Prazo
318,249.29,46.58,Truck,2,497.39,1.2,2741.71,No Prazo
319,229.9,14.08,Carreta,4,558.34,6.2,2105.56,No Prazo
320,337.78,13.02,Carreta,0,303.37,6.6,1428.23,No Prazo
321,681.61,22.36,Rodotrem,1,324.43,2.1,3023.54,No Prazo
322,871.79,17.98,Carreta,4,225.04,4.8,4535.97,Atrasado
323,809.23,53.59,Carreta,4,541.85,2.3,4825.63,Atrasado
324,371.92,20.96,Truck,0,404.7,6.0,1604.92,No Prazo
325,1148.1,58.79,Rodotrem,4,208.54,2.9,5632.49,Atrasado
326,898.58,26.84,Rodotrem,4,214.33,3.2,4332.19,Atrasado
327,687.51,19.11,Rodotrem,4,540.16,6.9,3304.47,Atrasado
328,753.48,49.48,Truck,1,57.5,4.3,3731.53,No Prazo
329,532.54,42.94,Carreta,0,227.5,5.7,2685.54,No Prazo
330,334.89,34.91,Truck,4,354.9,3.8,2294.26,No Prazo
331,459.37,37.77,Truck,4,131.52,3.1,3517.72,Atrasado
332,921.52,45.96,Truck,1,100.65,5.4,3979.51,Atrasado
333,66.55,21.42,Carreta,0,498.4,2.1,1001.73,No Prazo
334,183.48,59.82,Carreta,2,541.92,3.6,2481.64,No Prazo
335,102.9,58.74,Truck,1,502.98,2.5,2165.25,No Prazo
336,96.84,42.52,Truck,0,544.33,5.9,2444.47,No Prazo
337,1033.78,19.98,Carreta,4,354.21,7.6,4643.09,Atrasado
338,859.21,44.01,Truck,0,496.74,8.0,4346.35,No Prazo
339,595.3,13.61,Truck,0,261.22,4.2,2657.42,No Prazo
340,162.51,11.53,Carreta,0,416.45,2.8,1023.38,No Prazo
341,615.36,22.88,Carreta,2,593.86,4.1,3382.99,Atrasado
342,594.49,33.13,Truck,0,174.15,6.9,3196.21,No Prazo
343,249.18,53.41,Truck,2,264.44,2.4,2216.48,Atrasado
344,548.93,46.36,Truck,4,314.03,7.7,3788.49,Atrasado
345,508.28,47.14,Rodotrem,2,125.91,3.4,2941.52,Atrasado
346,758.23,31.27,Carreta,4,94.57,7.9,4047.62,Atrasado
347,780.36,27.3,Carreta,4,506.35,6.9,4512.85,Atrasado
348,102.1,28.55,Truck,2,587.24,6.7,2238.83,No Prazo
349,480.8,59.38,Carreta,1,272.6,3.2,3771.27,No Prazo
350,769.74,12.01,Truck,3,98.21,1.1,2485.02,No Prazo
351,628.61,53.35,Carreta,0,86.2,3.7,3192.83,Atrasado
352,1034.96,38.93,Rodotrem,3,540.23,3.1,4748.51,Atrasado
353,807.5,31.93,Carreta,0,305.1,1.3,3413.23,Atrasado
354,237.37,46.26,Rodotrem,0,226.02,4.5,2307.54,No Prazo
355,131.15,34.33,Carreta,4,312.05,3.8,2499.01,Atrasado
356,788.78,53.67,Truck,0,225.07,5.4,4358.64,Atrasado
357,80.49,55.04,Rodotrem,0,318.97,5.3,2202.85,No Prazo
358,723.64,31.09,Truck,2,522.76,1.8,3735.85,Atrasado
359,1131.26,23.84,Carreta,3,375.77,7.8,5684.48,Atrasado
360,711.8,39.62,Truck,2,432.06,2.3,4317.03,Atrasado
361,496.4,55.62,Truck,0,250.57,4.1,3086.85,No Prazo
362,789.78,20.53,Carreta,4,456.18,4.4,4526.19,Atrasado
363,576.99,41.15,Truck,2,416.64,6.7,3651.08,No Prazo
364,677.46,41.58,Carreta,2,115.76,1.7,3840.14,No Prazo
365,1132.68,46.66,Carreta,1,364.95,4.0,5130.91,Atrasado
366,494.02,16.58,Truck,0,191.21,5.4,2157.66,Atrasado
367,1155.37,45.79,Truck,4,492.25,2.5,5402.66,Atrasado
368,1091.15,55.45,Carreta,2,284.27,5.4,5291.96,No Prazo
369,275.16,18.98,Truck,2,597.08,7.5,2519.55,No Prazo
370,129.77,21.88,Carreta,4,100.88,8.0,1626.23,No Prazo
371,165.89,58.57,Carreta,0,479.19,1.2,2049.27,No Prazo
372,70.96,19.05,Rodotrem,1,420.54,2.6,1112.55,Atrasado
373,158.61,52.72,Carreta,2,472.12,3.2,2065.54,Atrasado
374,835.46,34.61,Carreta,1,219.14,3.8,4166.36,No Prazo
375,131.87,22.36,Carreta,3,320.63,2.7,2093.67,No Prazo
376,416.82,53.54,Truck,0,488.08,2.4,3215.05,No Prazo
377,1021.61,32.27,Truck,3,177.9,7.7,4837.67,Atrasado
378,76.76,35.74,Carreta,3,174.32,7.4,1876.56,No Prazo
379,986.64,27.96,Carreta,3,353.08,1.3,4209.66,Atrasado
380,374.13,39.65,Carreta,0,337.96,3.4,2543.27,No Prazo
381,185.89,18.18,Rodotrem,0,205.24,3.8,1368.22,No Prazo
382,851.25,29.55,Rodotrem,4,213.94,2.7,5058.02,Atrasado
383,773.28,58.47,Rodotrem,1,202.81,5.4,4475.9,No Prazo
384,1059.09,22.91,Carreta,1,474.33,5.5,4795.37,Atrasado
385,895.33,42.84,Truck,4,408.55,7.0,4982.24,No Prazo
386,974.0,26.26,Carreta,4,507.83,6.2,5307.7,Atrasado
387,374.34,48.67,Truck,3,586.51,4.8,3075.74,No Prazo
388,254.06,16.54,Carreta,4,310.79,5.6,2643.39,Atrasado
389,913.21,58.49,Carreta,2,86.68,2.9,4180.63,Atrasado
390,977.86,32.69,Carreta,1,76.45,5.2,4035.56,Atrasado
391,1189.08,21.8,Truck,4,212.62,4.4,4678.62,Atrasado
392,524.51,13.67,Truck,2,562.9,1.9,3066.61,No Prazo
393,477.82,18.49,Carreta,2,337.77,2.7,2709.59,Atrasado
394,942.87,35.99,Truck,2,199.48,3.0,4146.04,No Prazo
395,441.92,26.85,Rodotrem,2,269.54,7.5,2563.24,No Prazo
396,1120.37,51.44,Truck,3,379.23,2.6,5883.95,Atrasado
397,1037.17,31.54,Truck,2,409.12,3.0,4705.7,Atrasado
398,543.34,22.44,Truck,3,134.66,3.6,2677.08,No Prazo
399,913.5,40.86,Carreta,3,587.37,5.6,5552.63,Atrasado
400,917.72,45.34,Carreta,2,349.62,1.8,4295.33,No Prazo
401,168.59,18.35,Truck,1,124.63,7.7,1871.0,No Prazo
402,1087.94,18.38,Truck,2,541.5,7.1,4663.45,No Prazo
403,631.04,11.83,Carreta,2,91.05,5.0,2766.83,No Prazo
404,1000.43,46.82,Truck,2,549.25,5.7,5329.07,Atrasado
405,418.06,43.19,Carreta,1,598.11,1.1,2900.97,No Prazo
406,1079.85,33.73,Carreta,0,435.24,3.4,4741.03,Atrasado
407,497.58,52.21,Truck,0,473.75,6.6,3174.14,Atrasado
408,62.46,50.28,Truck,3,235.52,1.5,1386.09,No Prazo
409,1091.19,39.27,Rodotrem,3,567.87,3.0,5806.21,Atrasado
410,154.98,53.41,Carreta,1,341.34,5.1,2060.31,No Prazo
411,417.21,20.29,Carreta,4,452.81,2.8,2979.81,Atrasado
412,1142.57,15.6,Truck,0,558.26,7.5,5080.87,Atrasado
413,1143.2,23.49,Carreta,3,586.35,1.9,5305.04,Atrasado
414,709.45,12.85,Truck,0,508.26,6.6,3127.22,Atrasado
415,776.61,36.56,Carreta,1,216.66,4.6,4087.82,Atrasado
416,565.71,56.83,Rodotrem,1,581.6,6.3,4033.92,No Prazo
417,387.19,11.97,Truck,4,395.47,3.2,2669.57,Atrasado
418,427.96,16.11,Truck,4,561.85,4.6,3103.98,No Prazo
419,823.4,32.61,Truck,1,421.86,7.0,4648.4,Atrasado
420,915.23,56.69,Truck,3,218.98,4.3,4614.12,No Prazo
421,960.32,25.81,Truck,0,253.51,3.5,4090.69,No Prazo
422,958.06,35.36,Truck,2,352.76,4.8,4436.44,No Prazo
423,154.89,12.08,Carreta,4,484.51,6.0,1516.71,No Prazo
424,618.58,17.42,Carreta,2,224.89,4.1,2434.09,No Prazo
425,116.19,59.33,Truck,3,368.85,7.6,2334.21,No Prazo
426,681.96,58.26,Rodotrem,4,240.09,3.1,4028.51,Atrasado
427,557.76,10.25,Truck,2,498.67,4.3,3634.89,Atrasado
428,1070.86,57.59,Rodotrem,3,306.7,6.3,5744.59,Atrasado
429,453.55,41.96,Truck,0,92.2,5.8,2825.34,Atrasado
430,184.63,53.4,Rodotrem,3,141.33,7.0,2302.22,No Prazo
431,214.44,32.74,Carreta,4,83.61,8.0,2377.54,Atrasado
432,925.74,35.78,Rodotrem,1,324.62,4.0,4972.87,No Prazo
433,760.95,34.44,Rodotrem,0,108.49,1.8,2889.12,No Prazo
434,166.29,43.34,Truck,2,112.78,1.2,1921.9,No Prazo
435,146.72,16.98,Rodotrem,4,567.58,6.1,2731.11,No Prazo
436,856.11,11.5,Truck,1,529.96,7.1,4271.29,No Prazo
437,133.68,25.4,Truck,3,298.65,2.5,2299.09,Atrasado
438,995.14,45.23,Truck,1,592.19,2.1,4909.64,No Prazo
439,862.18,20.09,Carreta,4,50.1,1.4,4021.73,Atrasado
440,143.55,43.67,Truck,4,387.69,6.8,2606.04,No Prazo
441,147.56,58.5,Carreta,1,389.04,3.2,2384.24,No Prazo
442,1184.64,14.7,Carreta,3,301.59,3.8,4722.48,Atrasado
443,480.41,43.63,Carreta,1,268.32,4.5,3203.68,No Prazo
444,476.24,32.19,Rodotrem,4,300.46,6.9,3437.12,Atrasado
445,984.72,53.41,Carreta,4,278.23,5.6,5289.51,Atrasado
446,1139.34,18.86,Truck,2,451.77,5.3,5526.06,Atrasado
447,1183.9,44.63,Truck,2,124.45,2.2,5046.65,No Prazo
448,916.38,51.91,Truck,0,158.7,4.6,4617.84,No Prazo
449,482.7,57.23,Truck,4,149.29,6.0,4016.25,Atrasado
450,146.03,44.16,Truck,2,194.36,7.8,2403.2,No Prazo
451,943.72,34.86,Truck,1,338.89,2.4,3966.74,Atrasado
452,692.16,40.89,Rodotrem,3,111.16,1.1,3674.82,No Prazo
453,537.86,53.45,Carreta,1,527.49,1.5,4023.28,No Prazo
454,1092.31,38.53,Truck,3,213.55,3.6,4486.92,Atrasado
455,177.88,11.52,Carreta,2,139.4,6.7,1494.68,No Prazo
456,616.52,56.55,Truck,0,421.59,1.0,3811.05,No Prazo
457,63.06,44.48,Carreta,1,70.95,4.2,1398.79,No Prazo
458,588.96,43.83,Carreta,1,390.98,3.3,3622.56,No Prazo
459,114.75,20.78,Carreta,1,434.01,1.4,1818.01,No Prazo
460,186.64,42.94,Carreta,3,168.2,4.2,2267.97,No Prazo
461,185.16,29.69,Rodotrem,2,73.08,2.8,1792.71,Atrasado
462,796.59,42.56,Rodotrem,1,250.0,3.5,3917.73,No Prazo
463,907.95,15.33,Carreta,1,104.23,5.9,3819.95,Atrasado
464,720.87,42.89,Carreta,0,114.06,4.7,4058.64,Atrasado
465,1156.5,59.97,Carreta,0,189.84,1.9,5045.92,Atrasado
466,481.1,12.41,Truck,2,212.51,7.7,2554.46,No Prazo
467,378.57,58.86,Truck,2,341.48,5.5,3499.91,Atrasado
468,1048.89,30.35,Truck,4,423.12,6.4,4992.99,Atrasado
469,307.14,53.54,Carreta,0,376.02,1.6,2218.17,No Prazo
470,1157.71,49.12,Carreta,4,131.6,1.3,5202.93,Atrasado
471,63.98,38.35,Truck,3,144.65,1.1,1467.92,Atrasado
472,1165.36,46.92,Rodotrem,4,533.32,2.3,5758.37,Atrasado
473,99.63,53.93,Rodotrem,1,357.09,3.9,2201.38,No Prazo
474,1074.81,30.21,Carreta,4,528.47,7.6,5388.93,Atrasado
475,656.86,26.35,Carreta,2,254.35,4.2,3562.44,No Prazo
476,1191.91,43.38,Rodotrem,3,387.92,3.0,5842.13,Atrasado
477,134.87,50.39,Truck,1,338.01,4.9,1875.56,No Prazo
478,686.93,48.11,Carreta,4,225.52,1.8,4232.49,No Prazo
479,1164.7,49.89,Truck,3,308.45,5.3,5928.54,No Prazo
480,651.56,31.78,Carreta,3,326.37,5.0,3155.12,Atrasado
481,773.81,50.89,Truck,1,160.42,6.5,4115.68,Atrasado
482,850.11,16.01,Rodotrem,4,223.26,7.9,4074.87,No Prazo
483,572.72,37.22,Rodotrem,3,485.28,2.8,3968.86,No Prazo
484,771.69,10.29,Truck,3,553.68,4.6,3733.33,Atrasado
485,721.96,26.23,Carreta,0,247.89,7.4,2998.46,No Prazo
486,1086.33,28.32,Rodotrem,3,218.83,6.5,4970.9,Atrasado
487,102.26,29.81,Carreta,0,157.36,4.4,972.08,No Prazo
488,373.11,44.77,Rodotrem,4,423.17,7.6,3657.86,Atrasado
489,1142.97,29.43,Carreta,4,227.7,1.4,4842.36,Atrasado
490,1073.8,32.43,Truck,4,593.26,7.5,5582.91,Atrasado
491,574.01,21.88,Truck,2,229.13,1.4,3293.55,No Prazo
492,763.15,28.66,Truck,4,266.77,4.8,4394.29,Atrasado
493,368.99,21.36,Carreta,3,381.83,7.2,2900.43,No Prazo
494,266.34,13.66,Truck,1,490.93,2.8,1840.82,No Prazo
495,583.25,40.17,Carreta,0,308.24,4.3,3227.57,Atrasado
496,456.36,43.41,Carreta,2,282.46,3.3,3195.89,No Prazo
497,721.2,40.97,Carreta,4,597.6,7.7,4331.92,Atrasado
498,139.39,33.17,Rodotrem,4,55.77,6.8,2294.28,Atrasado
499,1170.55,28.99,Rodotrem,1,542.29,6.0,4929.36,Atrasado
500,1184.14,53.17,Carreta,1,132.03,5.1,5455.07,Atrasado
501,852.89,35.95,Rodotrem,2,482.26,6.7,4161.54,No Prazo
502,666.51,33.96,Carreta,0,389.86,3.7,3907.81,Atrasado
503,405.96,11.28,Carreta,4,238.02,4.1,2774.13,No Prazo
504,985.86,27.06,Rodotrem,2,530.63,6.1,4310.65,Atrasado
505,837.44,29.01,Truck,3,57.1,3.5,3883.81,No Prazo
506,237.01,29.94,Truck,3,174.68,1.4,1835.61,No Prazo
507,1097.57,39.01,Rodotrem,2,361.79,1.5,4759.28,Atrasado
508,995.92,36.68,Carreta,4,243.35,1.8,4824.67,Atrasado
509,1142.27,40.4,Rodotrem,2,385.71,7.1,5144.78,Atrasado
510,884.58,48.24,Rodotrem,4,63.26,4.3,4805.68,Atrasado
511,755.43,50.65,Truck,1,114.05,6.0,4104.52,No Prazo
512,530.98,45.91,Rodotrem,2,119.9,3.8,3240.84,No Prazo
513,1122.64,57.78,Carreta,4,154.11,2.8,5520.75,Atrasado
514,1045.97,10.91,Carreta,2,302.63,3.4,4514.06,No Prazo
515,102.0,19.79,Carreta,2,463.67,6.6,2013.71,No Prazo
516,80.32,10.38,Rodotrem,4,548.05,5.4,1998.39,No Prazo
517,482.93,42.37,Truck,4,509.45,7.6,3403.92,No Prazo
518,982.14,54.9,Carreta,0,158.29,5.8,4342.82,No Prazo
519,1185.37,22.17,Carreta,2,292.63,5.0,4954.46,Atrasado
520,222.98,56.35,Carreta,3,159.68,5.3,2159.78,Atrasado
521,733.25,13.01,Carreta,2,195.46,7.6,3523.24,Atrasado
522,488.02,56.72,Truck,2,326.95,6.5,3957.88,No Prazo
523,1165.4,27.58,Truck,4,87.46,1.2,5348.69,Atrasado
524,1018.44,15.07,Truck,2,170.0,4.7,4457.16,Atrasado
525,1014.08,34.29,Rodotrem,2,564.46,5.8,5235.05,No Prazo
526,589.0,22.84,Truck,3,306.36,6.2,4026.87,Atrasado
527,527.04,24.24,Truck,4,294.96,2.5,3395.97,No Prazo
528,364.42,25.36,Rodotrem,2,58.01,7.1,2613.32,No Prazo
529,114.83,50.15,Truck,1,186.07,7.7,1559.55,No Prazo
530,1044.43,36.96,Rodotrem,0,526.46,2.7,5068.76,No Prazo
531,984.84,25.57,Carreta,3,140.55,7.2,4681.85,Atrasado
532,1199.68,40.52,Rodotrem,2,278.32,1.7,5207.72,Atrasado
533,1196.13,45.81,Truck,1,57.88,1.4,4831.78,No Prazo
534,688.75,23.63,Truck,2,313.08,1.9,3172.84,Atrasado
535,934.34,30.68,Carreta,2,61.56,1.4,4350.72,Atrasado
536,1136.48,16.09,Rodotrem,4,500.79,6.9,5363.64,Atrasado
537,1027.09,19.06,Carreta,4,503.67,1.4,4649.93,Atrasado
538,334.45,44.06,Truck,4,483.26,2.9,2860.12,No Prazo
539,568.13,19.07,Carreta,1,205.85,1.7,2653.31,No Prazo
540,198.53,36.26,Carreta,2,510.48,3.1,2145.57,No Prazo
541,1147.16,45.45,Carreta,0,348.65,1.6,4741.34,No Prazo
542,747.1,15.34,Carreta,3,255.59,5.7,3242.78,No Prazo
543,312.94,38.37,Rodotrem,4,393.93,1.9,3068.81,No Prazo
544,822.46,22.83,Carreta,4,56.79,7.0,4008.2,Atrasado
545,760.85,58.15,Truck,2,128.63,6.7,3919.48,Atrasado
546,461.89,34.18,Carreta,2,458.26,1.1,2825.18,No Prazo
547,180.59,50.3,Truck,1,184.29,7.3,2347.32,No Prazo
548,822.31,37.51,Carreta,1,378.91,1.2,3904.13,Atrasado
549,648.35,12.17,Carreta,4,261.81,2.7,3347.89,Atrasado
550,938.17,41.66,Truck,2,520.14,1.2,4644.93,Atrasado
551,648.19,57.57,Truck,0,573.83,3.4,3471.24,Atrasado
552,1030.01,40.08,Truck,3,535.96,4.6,5517.98,No Prazo
553,684.69,50.96,Rodotrem,2,198.84,6.6,3424.65,No Prazo
554,695.08,54.21,Rodotrem,2,156.79,3.4,3965.29,Atrasado
555,1058.15,21.4,Truck,1,310.94,5.9,4711.89,No Prazo
556,514.01,20.6,Rodotrem,3,54.03,2.3,2568.71,Atrasado
557,204.12,40.55,Carreta,4,64.2,6.3,2468.31,No Prazo
558,83.1,30.55,Truck,2,354.31,2.7,1521.99,No Prazo
559,918.41,51.99,Truck,4,336.25,2.0,5020.63,Atrasado
560,763.36,55.0,Carreta,2,597.02,2.3,4742.65,Atrasado
561,859.69,27.67,Carreta,4,161.01,2.3,3887.44,Atrasado
562,294.91,21.84,Carreta,3,191.96,4.6,2410.98,Atrasado
563,206.83,49.03,Truck,1,112.45,6.9,2659.57,Atrasado
564,66.73,23.74,Truck,3,554.65,1.6,1804.88,No Prazo
565,453.18,51.13,Carreta,0,477.8,5.9,2992.38,Atrasado
566,728.41,31.19,Truck,1,502.29,5.6,4503.59,No Prazo
567,501.08,43.38,Truck,3,546.52,7.1,3762.43,No Prazo
568,553.1,14.78,Truck,0,338.69,2.7,2579.11,No Prazo
569,1089.78,41.19,Rodotrem,2,298.16,4.2,5112.59,No Prazo
570,450.49,32.59,Rodotrem,2,231.72,7.5,3069.27,No Prazo
571,641.09,39.33,Carreta,4,374.07,5.6,3911.84,Atrasado
572,951.2,18.4,Rodotrem,1,299.85,3.7,4066.89,Atrasado
573,506.02,46.84,Truck,2,298.36,1.9,3441.4,No Prazo
574,765.4,53.14,Carreta,1,565.31,2.8,4149.09,No Prazo
575,1041.72,20.84,Truck,2,591.22,5.1,4728.85,No Prazo
576,1141.95,14.79,Carreta,4,488.07,6.0,5220.9,Atrasado
577,219.13,11.18,Rodotrem,3,466.22,1.9,1584.34,Atrasado
578,1115.58,42.1,Carreta,4,424.31,5.2,5407.11,Atrasado
579,615.93,40.35,Truck,0,141.34,4.9,2866.54,No Prazo
580,346.98,37.33,Carreta,2,82.51,4.6,2394.63,No Prazo
581,578.01,21.6,Truck,0,429.9,5.8,3209.18,Atrasado
582,1177.04,29.55,Rodotrem,0,450.83,6.9,5530.37,Atrasado
583,616.51,39.72,Carreta,1,75.84,3.3,3095.79,No Prazo
584,428.06,34.84,Carreta,2,560.43,7.2,3354.28,No Prazo
585,778.41,59.39,Carreta,0,100.13,2.1,3838.08,Atrasado
586,326.17,16.82,Carreta,3,207.25,2.2,1485.72,No Prazo
587,137.24,44.76,Truck,0,419.81,2.9,1465.29,No Prazo
588,198.21,30.22,Carreta,3,143.43,1.8,2090.04,No Prazo
589,197.25,31.41,Truck,1,80.48,2.6,1814.61,No Prazo
590,224.69,45.88,Carreta,0,232.13,1.7,2112.66,No Prazo
591,209.65,44.62,Rodotrem,4,471.28,6.8,2831.98,Atrasado
592,787.01,59.56,Rodotrem,1,277.52,2.0,3519.58,No Prazo
593,259.16,16.42,Carreta,3,409.14,6.2,1985.45,Atrasado
594,447.52,15.21,Carreta,1,368.79,1.3,2026.98,No Prazo
595,1081.31,46.22,Truck,0,62.22,7.6,4923.0,No Prazo
596,595.06,38.92,Carreta,2,593.7,6.0,3691.24,No Prazo
597,817.69,23.71,Truck,2,72.79,1.0,3973.3,Atrasado
598,248.17,13.97,Carreta,3,582.29,6.3,2833.19,Atrasado
599,271.13,14.28,Truck,3,352.43,4.6,2659.2,No Prazo
600,97.0,54.71,Truck,2,579.74,6.5,2224.97,Atrasado
601,244.28,19.59,Carreta,3,113.11,4.7,2079.69,No Prazo
602,370.38,26.17,Truck,1,319.72,5.5,2257.74,No Prazo
603,253.56,21.33,Carreta,4,143.23,6.5,2361.92,Atrasado
604,152.01,27.75,Truck,4,78.04,3.8,1612.29,No Prazo
605,188.73,13.47,Truck,1,389.64,1.0,1803.88,Atrasado
606,579.9,35.95,Carreta,4,164.28,6.9,3375.98,Atrasado
607,287.28,13.38,Truck,0,373.23,3.7,1134.19,No Prazo
608,468.91,50.02,Truck,1,111.8,4.5,3497.81,No Prazo
609,628.93,21.69,Carreta,3,232.59,1.1,3273.34,Atrasado
610,843.95,37.0,Truck,1,479.9,4.4,3895.8,No Prazo
611,95.21,54.0,Rodotrem,2,290.38,7.9,2213.37,No Prazo
612,969.32,42.54,Truck,3,395.26,2.9,4684.75,Atrasado
613,772.09,36.65,Truck,2,406.1,3.8,4028.21,Atrasado
614,144.02,26.22,Carreta,3,514.07,5.8,2427.73,No Prazo
615,1054.62,26.65,Truck,4,228.71,6.7,5211.93,Atrasado
616,1109.0,43.47,Truck,1,428.01,3.9,5180.39,Atrasado
617,120.24,59.71,Truck,0,578.89,3.2,2200.01,No Prazo
618,368.41,43.09,Truck,3,451.63,7.6,3559.76,No Prazo
619,977.13,37.89,Rodotrem,3,319.43,5.7,4285.63,Atrasado
620,910.5,46.53,Truck,2,396.89,1.8,4313.35,Atrasado
621,262.2,33.26,Carreta,4,456.83,1.5,2275.95,Atrasado
622,290.75,13.01,Rodotrem,2,386.75,4.4,2373.21,No Prazo
623,476.04,38.11,Carreta,2,59.17,2.5,2471.75,No Prazo
624,607.2,57.88,Rodotrem,4,157.13,2.8,3496.22,Atrasado
625,760.99,18.77,Truck,0,495.76,7.1,3788.59,No Prazo
626,474.25,44.5,Rodotrem,2,199.96,1.6,2625.94,Atrasado
627,581.91,20.05,Truck,2,452.36,6.0,3170.15,No Prazo
628,909.59,36.79,Carreta,3,254.67,2.9,5136.92,Atrasado
629,92.19,14.83,Carreta,4,337.04,6.3,2050.13,Atrasado
630,340.3,32.52,Truck,1,87.39,6.1,2153.4,No Prazo
631,870.35,47.81,Carreta,0,149.67,1.1,3814.03,No Prazo
632,1079.49,27.38,Carreta,0,576.46,4.6,5025.91,No Prazo
633,638.43,43.25,Truck,4,539.58,2.0,4259.92,Atrasado
634,661.93,49.77,Truck,3,408.75,7.1,4250.47,No Prazo
635,173.25,56.36,Carreta,3,302.8,7.1,2707.75,Atrasado
636,564.52,21.73,Carreta,4,421.67,3.9,2970.32,Atrasado
637,662.51,29.97,Rodotrem,3,390.24,4.1,3197.73,Atrasado
638,328.84,17.62,Carreta,0,362.7,3.1,1834.1,No Prazo
639,359.63,59.62,Rodotrem,0,82.55,6.0,2416.54,No Prazo
640,483.88,56.35,Carreta,1,398.04,3.5,3461.58,Atrasado
641,73.08,37.0,Truck,4,472.91,2.9,2176.92,Atrasado
642,420.39,52.1,Truck,2,596.74,4.0,3147.96,No Prazo
643,293.17,36.05,Carreta,2,56.09,1.6,2072.09,Atrasado
644,426.62,41.18,Carreta,1,451.6,6.2,2892.55,Atrasado
645,187.73,14.46,Truck,1,364.48,1.1,2050.48,No Prazo
646,1074.11,47.76,Truck,3,288.73,5.5,5426.43,Atrasado
647,732.63,16.39,Rodotrem,1,120.16,2.3,2556.41,Atrasado
648,830.97,51.3,Carreta,1,275.0,2.6,4683.66,No Prazo
649,957.55,49.1,Carreta,2,244.91,5.4,4572.93,Atrasado
650,623.21,45.44,Carreta,3,216.56,8.0,3586.33,Atrasado
651,149.96,11.81,Truck,1,451.98,6.4,2257.54,No Prazo
652,667.67,25.16,Truck,1,435.4,2.6,3408.57,Atrasado
653,724.87,23.16,Truck,3,373.96,2.2,3880.65,Atrasado
654,907.26,28.01,Truck,4,566.27,7.1,5148.6,Atrasado
655,546.41,14.38,Carreta,3,242.42,4.1,2842.98,Atrasado
656,196.72,56.85,Carreta,2,184.09,2.0,2065.17,Atrasado
657,376.34,37.69,Rodotrem,4,410.75,7.0,3120.68,Atrasado
658,467.54,25.28,Rodotrem,0,159.35,6.7,2928.18,No Prazo
659,792.8,29.85,Truck,3,223.26,7.9,4203.66,No Prazo
660,706.4,32.36,Carreta,2,173.53,7.4,4080.36,Atrasado
661,459.51,40.03,Carreta,4,88.03,7.0,3206.07,Atrasado
662,1184.49,35.78,Rodotrem,3,505.12,1.4,5232.91,Atrasado
663,746.64,55.97,Truck,1,190.0,1.7,3389.04,Atrasado
664,322.81,34.85,Carreta,3,310.17,5.0,2864.86,No Prazo
665,167.05,59.61,Carreta,0,73.82,4.7,2424.59,No Prazo
666,225.79,52.57,Truck,3,434.64,4.2,2497.64,No Prazo
667,332.85,20.43,Truck,4,231.81,3.8,2608.68,Atrasado
668,234.78,56.53,Carreta,4,459.61,4.0,2615.76,Atrasado
669,264.55,15.82,Carreta,3,276.82,5.0,1941.43,No Prazo
670,377.86,50.87,Truck,4,157.67,1.0,3012.86,Atrasado
671,249.38,29.03,Carreta,1,332.25,2.8,1424.32,No Prazo
672,1081.28,53.9,Truck,3,121.78,4.6,5226.67,Atrasado
673,142.27,53.4,Carreta,1,292.3,6.1,1912.75,No Prazo
674,653.19,50.3,Truck,1,224.52,2.2,3661.56,Atrasado
675,521.96,49.5,Rodotrem,2,551.58,4.8,3603.23,No Prazo
676,1179.74,25.23,Truck,3,83.51,6.0,5344.65,Atrasado
677,178.84,14.05,Truck,4,431.71,4.1,1978.02,No Prazo
678,507.53,30.15,Truck,1,150.51,1.2,2118.59,No Prazo
679,1164.89,18.68,Truck,2,225.47,4.1,4348.27,Atrasado
680,1045.33,44.75,Carreta,3,278.53,3.1,4461.38,Atrasado
681,989.63,27.3,Truck,3,549.41,7.5,5222.51,Atrasado
682,346.59,58.78,Rodotrem,0,183.42,1.9,3212.87,Atrasado
683,246.52,42.05,Truck,0,100.22,5.6,2056.56,No Prazo
684,818.94,51.12,Truck,1,225.28,1.4,4487.66,Atrasado
685,1118.78,16.63,Truck,0,107.57,4.1,4532.08,Atrasado
686,690.28,53.1,Truck,1,120.73,4.9,3524.93,No Prazo
687,707.35,56.14,Truck,4,365.62,3.1,4774.25,No Prazo
688,371.98,34.35,Carreta,1,83.5,4.2,2108.56,No Prazo
689,934.92,40.31,Carreta,0,67.01,2.1,3751.72,No Prazo
690,265.1,48.24,Carreta,4,442.93,3.1,2851.99,No Prazo
691,422.23,18.74,Carreta,0,248.91,5.3,2154.01,No Prazo
692,539.25,35.13,Carreta,1,118.96,3.1,2980.31,No Prazo
693,633.75,29.93,Truck,2,189.49,7.3,3219.96,No Prazo
694,328.77,17.32,Carreta,3,403.15,5.4,2753.7,Atrasado
695,182.06,28.38,Rodotrem,0,201.55,4.1,1762.41,Atrasado
696,752.21,13.41,Carreta,1,321.99,1.3,3288.33,No Prazo
697,381.93,11.29,Carreta,4,116.93,4.5,2949.21,No Prazo
698,718.42,16.76,Truck,0,373.45,6.4,3680.29,No Prazo
699,227.52,58.16,Carreta,0,223.84,2.9,2464.7,No Prazo
700,603.31,37.48,Carreta,3,394.83,6.6,3799.91,Atrasado
701,662.48,58.29,Carreta,1,494.62,2.8,4059.31,No Prazo
702,109.6,31.62,Rodotrem,2,386.41,6.8,2103.43,No Prazo
703,437.09,25.59,Truck,4,212.66,1.6,2755.94,No Prazo
704,204.58,35.31,Truck,1,190.66,7.1,1873.23,No Prazo
705,122.88,31.98,Carreta,4,230.08,4.5,1302.22,No Prazo
706,1188.45,15.28,Rodotrem,0,140.54,3.1,4588.95,No Prazo
707,420.71,42.04,Truck,3,149.64,2.9,3160.07,Atrasado
708,981.36,20.8,Truck,3,484.88,4.0,4301.3,No Prazo
709,342.84,40.98,Truck,2,261.6,8.0,2977.88,Atrasado
710,833.73,42.51,Truck,3,289.8,2.5,4120.46,No Prazo
711,924.26,17.6,Carreta,0,376.73,1.7,3626.2,No Prazo
712,734.98,13.07,Carreta,2,374.31,5.1,3909.73,No Prazo
713,592.31,49.04,Truck,1,87.06,4.4,2937.98,No Prazo
714,523.62,32.99,Truck,3,507.35,4.7,3164.11,No Prazo
715,451.2,12.91,Truck,2,147.53,5.7,2950.2,No Prazo
716,1118.96,59.74,Truck,0,447.69,2.9,5205.01,Atrasado
717,1005.21,12.89,Carreta,4,474.97,7.4,5267.63,Atrasado
718,1159.78,44.75,Rodotrem,4,443.19,4.0,5280.38,Atrasado
719,192.94,59.18,Rodotrem,0,368.44,1.9,1690.51,No Prazo
720,890.5,21.96,Truck,0,58.03,6.2,3339.03,Atrasado
721,1129.09,17.11,Rodotrem,4,248.21,5.5,4899.84,Atrasado
722,258.42,16.07,Carreta,2,382.66,3.2,1537.88,No Prazo
723,126.47,25.16,Carreta,4,263.1,5.4,2101.47,No Prazo
724,902.29,15.05,Carreta,0,524.91,2.5,3938.52,Atrasado
725,710.64,44.61,Truck,3,219.84,4.1,3682.43,Atrasado
726,1018.1,13.11,Truck,1,211.44,7.3,3974.76,No Prazo
727,210.74,35.47,Truck,3,196.3,1.9,1848.09,No Prazo
728,964.56,59.83,Truck,3,233.03,3.7,4682.1,No Prazo
729,281.87,50.7,Truck,0,356.57,6.7,1637.49,No Prazo
730,238.2,40.76,Carreta,4,438.86,7.8,2899.27,Atrasado
731,238.91,25.31,Carreta,2,414.41,4.2,2015.37,No Prazo
732,986.76,41.19,Carreta,3,494.24,4.5,4969.85,Atrasado
733,814.98,36.35,Truck,4,537.25,5.0,4345.94,Atrasado
734,651.53,31.3,Rodotrem,2,498.84,7.5,4065.29,Atrasado
735,462.66,16.54,Rodotrem,3,60.42,7.0,3366.27,No Prazo
736,1058.78,54.33,Carreta,2,454.75,2.2,4980.56,Atrasado
737,501.31,32.49,Rodotrem,4,164.62,4.1,3578.54,No Prazo
738,989.09,19.73,Carreta,1,123.11,4.2,4113.33,Atrasado
739,555.01,28.39,Rodotrem,4,401.17,6.5,3623.85,Atrasado
740,483.49,30.71,Truck,0,225.86,5.2,2482.57,No Prazo
741,582.08,51.38,Truck,2,81.41,5.6,3423.94,Atrasado
742,396.58,46.68,Truck,1,125.7,8.0,3129.87,No Prazo
743,909.75,48.47,Truck,2,50.51,1.5,3867.75,No Prazo
744,628.13,10.55,Truck,2,546.77,2.6,3094.18,Atrasado
745,317.04,30.81,Carreta,3,63.54,3.9,2652.35,Atrasado
746,1084.51,34.07,Carreta,0,165.2,3.4,4714.01,No Prazo
747,491.47,10.96,Carreta,2,278.94,1.2,2072.15,No Prazo
748,675.09,22.99,Truck,4,246.11,1.6,3445.44,Atrasado
749,1092.44,48.01,Rodotrem,4,551.45,5.8,6019.84,Atrasado
750,767.87,16.86,Carreta,3,72.16,7.2,3841.85,Atrasado
751,184.43,36.77,Truck,0,331.72,4.6,2106.3,No Prazo
752,1130.81,20.76,Carreta,0,424.26,4.8,4771.82,No Prazo
753,771.86,10.61,Truck,4,562.43,2.8,4128.95,Atrasado
754,435.14,22.06,Truck,1,391.2,6.4,2753.57,No Prazo
755,210.16,58.79,Rodotrem,3,492.07,6.3,3461.72,No Prazo
756,963.13,50.08,Truck,3,96.05,5.1,4657.96,Atrasado
757,763.08,57.98,Carreta,4,262.27,2.5,4487.22,Atrasado
758,663.48,34.39,Rodotrem,4,255.67,1.7,3378.34,Atrasado
759,1077.98,15.49,Carreta,1,537.46,1.4,4122.21,No Prazo
760,956.89,37.4,Truck,1,133.25,5.1,4370.99,No Prazo
761,224.43,32.72,Truck,0,133.54,6.8,1563.42,No Prazo
762,408.48,52.22,Truck,3,230.71,7.0,3260.5,Atrasado
763,335.76,14.9,Carreta,3,79.96,4.2,2567.92,Atrasado
764,905.54,34.41,Carreta,4,150.35,6.5,5060.44,Atrasado
765,88.56,17.5,Truck,0,580.87,7.6,2226.48,No Prazo
766,705.37,26.23,Rodotrem,3,285.5,2.9,4101.12,No Prazo
767,926.83,46.87,Carreta,0,397.61,3.8,5118.03,Atrasado
768,1058.28,33.8,Truck,0,449.36,7.5,4950.21,Atrasado
769,443.39,28.79,Carreta,4,251.83,3.4,2687.99,No Prazo
770,994.45,29.72,Carreta,0,130.97,7.4,3918.05,Atrasado
771,177.23,32.97,Truck,1,163.62,7.9,2288.12,No Prazo
772,1023.42,49.25,Truck,1,222.3,5.6,4829.23,No Prazo
773,196.61,54.6,Rodotrem,2,399.84,6.7,2684.63,No Prazo
774,506.88,57.77,Carreta,4,269.05,6.2,3676.2,Atrasado
775,966.89,49.35,Carreta,2,53.75,5.9,4502.35,Atrasado
776,222.41,25.77,Carreta,1,337.87,3.1,1933.57,No Prazo
777,313.64,44.41,Truck,2,556.83,1.4,2413.29,Atrasado
778,880.59,31.88,Truck,4,496.64,3.4,4735.51,Atrasado
779,878.04,22.73,Carreta,4,503.87,5.7,5061.06,No Prazo
780,787.32,52.04,Truck,0,487.28,1.7,3388.33,Atrasado
781,848.04,11.92,Truck,3,228.05,1.1,3198.94,No Prazo
782,674.13,55.09,Rodotrem,0,470.86,2.0,3922.38,Atrasado
783,339.57,33.07,Rodotrem,4,128.74,6.0,3119.81,No Prazo
784,447.55,41.86,Carreta,1,411.74,7.8,2990.41,Atrasado
785,258.84,42.97,Rodotrem,1,402.86,7.9,1950.14,No Prazo
786,1094.72,54.76,Truck,0,64.06,4.5,5207.42,Atrasado
787,720.9,41.83,Rodotrem,4,483.38,7.1,4254.88,No Prazo
788,510.98,40.7,Truck,1,546.79,6.2,3266.15,No Prazo
789,581.31,13.33,Rodotrem,4,197.08,4.5,3217.93,Atrasado
790,1139.38,35.92,Rodotrem,1,496.81,5.0,4989.46,Atrasado
791,226.35,17.51,Carreta,4,95.32,2.0,1571.98,Atrasado
792,724.16,46.87,Rodotrem,2,379.98,7.6,3963.61,No Prazo
793,631.77,35.61,Carreta,4,317.11,3.5,4312.13,No Prazo
794,753.17,44.01,Truck,4,350.26,4.1,4705.47,Atrasado
795,70.83,12.08,Carreta,0,559.41,5.7,1460.86,No Prazo
796,1052.94,14.24,Carreta,2,529.22,3.3,3964.02,Atrasado
797,1121.94,45.82,Truck,3,481.8,2.8,5660.23,Atrasado
798,699.9,13.6,Carreta,0,200.53,5.4,3112.27,No Prazo
799,851.15,13.56,Rodotrem,3,551.5,1.2,3645.82,Atrasado
800,1110.87,10.61,Truck,1,103.63,6.0,4377.01,Atrasado
801,863.32,57.83,Carreta,3,519.33,4.6,5318.34,Atrasado
802,225.42,46.88,Rodotrem,4,230.49,5.2,2826.48,No Prazo
803,712.73,27.66,Rodotrem,3,79.57,5.4,3374.14,Atrasado
804,747.72,24.83,Rodotrem,0,418.15,4.7,3496.77,No Prazo
805,537.75,27.49,Carreta,0,177.2,5.1,2866.93,No Prazo
806,896.91,48.73,Rodotrem,3,183.96,5.8,4689.05,No Prazo
807,1124.52,43.07,Carreta,0,218.33,6.3,5283.34,Atrasado
808,1114.4,19.26,Truck,0,85.03,6.1,4421.49,No Prazo
809,568.47,18.71,Carreta,3,147.42,7.1,3334.18,No Prazo
810,180.22,14.92,Carreta,2,52.83,2.3,1559.51,Atrasado
811,1182.57,43.02,Truck,2,294.98,3.8,5023.56,Atrasado
812,1014.73,48.22,Carreta,1,96.34,7.6,4756.43,Atrasado
813,193.36,23.25,Carreta,0,425.46,3.8,1553.01,No Prazo
814,1108.97,11.05,Truck,3,179.59,1.9,4785.35,Atrasado
815,1050.38,14.11,Carreta,0,568.97,4.7,4558.14,No Prazo
816,646.66,58.39,Carreta,4,529.19,1.8,4283.06,Atrasado
817,729.97,24.77,Carreta,0,209.19,2.4,2726.4,No Prazo
818,508.85,48.46,Truck,0,480.77,8.0,2902.3,No Prazo
819,112.98,41.23,Truck,2,491.78,4.8,2228.56,No Prazo
820,435.48,29.1,Truck,3,592.61,3.0,2894.78,No Prazo
821,973.28,20.28,Rodotrem,0,378.81,8.0,4458.18,Atrasado
822,55.33,16.07,Truck,2,95.08,7.8,800.0,No Prazo
823,433.52,40.75,Carreta,1,405.76,4.1,3359.41,No Prazo
824,507.89,48.73,Truck,2,393.74,2.8,3535.29,No Prazo
825,668.0,42.2,Truck,2,401.09,6.9,3973.05,No Prazo
826,1107.83,36.52,Rodotrem,2,218.93,6.0,5526.26,Atrasado
827,448.3,12.1,Carreta,0,522.82,5.8,2749.71,Atrasado
828,449.0,58.42,Truck,0,577.71,7.3,3288.57,No Prazo
829,898.13,49.94,Carreta,1,169.74,5.8,4405.95,Atrasado
830,570.05,24.64,Truck,4,98.48,3.0,2526.88,No Prazo
831,308.3,59.0,Carreta,4,156.99,5.9,3419.81,No Prazo
832,570.31,40.09,Carreta,4,501.3,3.1,3714.13,Atrasado
833,211.99,39.12,Truck,1,422.15,6.3,1676.51,No Prazo
834,252.85,47.4,Truck,4,399.83,5.3,2572.6,Atrasado
835,623.12,50.59,Truck,4,270.99,1.5,4111.87,Atrasado
836,531.76,42.82,Rodotrem,2,367.81,4.6,3854.34,No Prazo
837,1102.07,16.4,Rodotrem,0,219.33,3.4,4217.28,No Prazo
838,466.75,26.91,Truck,0,312.46,3.3,2160.82,No Prazo
839,717.68,56.4,Carreta,2,486.18,5.2,3931.73,Atrasado
840,777.1,21.23,Truck,2,589.68,3.3,4347.92,Atrasado
841,65.06,28.61,Truck,2,562.87,6.4,2040.88,No Prazo
842,813.07,31.6,Carreta,0,563.63,1.5,3710.21,No Prazo
843,254.74,31.97,Rodotrem,4,271.22,5.6,2371.37,Atrasado
844,1155.23,40.65,Rodotrem,2,307.83,6.7,5572.81,No Prazo
845,220.96,57.15,Carreta,1,438.1,5.7,2802.17,No Prazo
846,526.82,22.03,Truck,2,557.21,4.5,2895.6,No Prazo
847,148.15,16.08,Carreta,3,128.1,7.7,1383.91,No Prazo
848,1196.41,19.87,Truck,2,217.33,3.1,4530.93,Atrasado
849,627.52,54.35,Carreta,0,126.59,1.1,3027.49,No Prazo
850,734.69,42.29,Truck,2,386.6,4.0,3791.89,No Prazo
851,127.14,24.3,Carreta,3,218.47,1.2,2058.15,No Prazo
852,912.45,50.8,Truck,1,229.36,7.7,4447.47,Atrasado
853,291.39,53.07,Truck,4,89.0,2.5,2326.81,No Prazo
854,1082.76,52.33,Rodotrem,2,242.39,6.5,4916.11,Atrasado
855,285.91,55.95,Truck,3,524.37,6.4,3161.19,Atrasado
856,269.29,22.61,Carreta,3,178.19,2.5,1475.26,No Prazo
857,92.03,47.75,Truck,1,432.35,5.3,1983.31,Atrasado
858,592.88,33.03,Truck,0,396.3,1.3,2552.19,No Prazo
859,699.57,52.1,Truck,2,524.92,4.4,4568.93,Atrasado
860,125.56,46.42,Truck,3,122.76,1.1,1900.08,No Prazo
861,941.86,48.82,Rodotrem,1,587.67,7.4,5636.69,Atrasado
862,571.28,42.81,Truck,4,370.45,7.8,3890.67,Atrasado
863,653.05,18.87,Rodotrem,3,597.51,2.6,2667.41,Atrasado
864,556.88,37.25,Carreta,1,551.33,2.5,3716.15,Atrasado
865,510.88,59.23,Carreta,0,171.83,6.3,3338.36,No Prazo
866,693.59,56.87,Carreta,0,80.89,2.8,3661.11,Atrasado
867,228.53,12.16,Carreta,3,190.6,7.3,1655.0,No Prazo
868,259.22,18.24,Carreta,3,340.16,5.0,2185.13,Atrasado
869,1041.05,16.59,Truck,2,144.38,3.5,4305.3,Atrasado
870,1138.03,46.3,Truck,1,142.1,6.8,5035.85,Atrasado
871,479.31,50.89,Rodotrem,3,304.43,4.5,2908.93,Atrasado
872,361.36,20.68,Rodotrem,2,68.3,7.4,3097.5,No Prazo
873,790.6,35.29,Rodotrem,2,117.04,7.5,4207.93,No Prazo
874,520.04,52.04,Carreta,3,278.72,2.2,3565.74,Atrasado
875,79.19,46.64,Carreta,0,84.72,1.0,1621.81,No Prazo
876,229.58,37.11,Carreta,1,268.22,7.9,2409.11,No Prazo
877,873.37,39.52,Carreta,1,310.7,7.3,4128.68,Atrasado
878,807.76,35.42,Truck,0,298.2,1.4,3965.53,Atrasado
879,81.16,24.88,Carreta,3,528.05,6.8,2281.27,No Prazo
880,305.27,38.25,Truck,1,341.53,4.2,2175.11,No Prazo
881,315.74,44.44,Truck,3,307.39,2.8,2944.68,No Prazo
882,822.68,53.67,Rodotrem,3,275.89,7.2,4612.35,No Prazo
883,72.67,41.81,Truck,2,499.69,2.4,1967.36,No Prazo
884,169.72,48.06,Truck,0,542.28,7.6,2510.36,No Prazo
885,969.9,18.0,Truck,3,519.28,2.4,4927.51,Atrasado
886,255.33,33.08,Rodotrem,4,420.45,5.3,2504.15,Atrasado
887,800.66,10.47,Carreta,0,125.55,2.6,3115.61,No Prazo
888,323.91,22.33,Carreta,1,202.28,4.8,2635.45,No Prazo
889,164.36,46.32,Rodotrem,2,75.33,5.8,1972.23,No Prazo
890,329.65,59.59,Rodotrem,1,561.95,2.3,3013.42,No Prazo
891,880.61,14.96,Truck,1,413.44,4.6,4484.94,No Prazo
892,1034.05,30.07,Carreta,0,460.5,4.3,4716.96,No Prazo
893,1004.75,50.0,Carreta,1,221.36,1.5,4119.37,Atrasado
894,506.76,20.2,Carreta,3,515.11,6.7,3046.7,No Prazo
895,818.3,37.75,Truck,1,192.78,3.3,4012.71,No Prazo
896,285.73,46.65,Rodotrem,2,50.9,5.0,2481.84,Atrasado
897,387.12,40.8,Carreta,2,257.03,4.6,2808.99,No Prazo
898,1080.79,19.4,Truck,4,363.92,4.6,5650.02,Atrasado
899,64.95,27.77,Carreta,2,313.29,1.8,1225.74,Atrasado
900,148.33,49.19,Truck,1,524.14,4.0,2211.89,Atrasado
901,289.07,37.71,Truck,2,107.97,4.2,1632.84,No Prazo
902,80.51,10.26,Carreta,0,354.6,6.1,1450.11,No Prazo
903,258.65,48.05,Truck,2,332.14,6.9,2430.06,No Prazo
904,720.5,11.77,Carreta,3,204.77,4.8,3729.37,Atrasado
905,534.64,47.29,Carreta,0,502.23,1.6,3429.91,Atrasado
906,1076.57,20.12,Truck,4,464.07,2.7,5710.98,Atrasado
907,990.06,57.9,Rodotrem,3,453.07,2.2,5418.24,Atrasado
908,443.09,28.4,Truck,1,531.91,1.9,2599.17,Atrasado
909,348.34,26.35,Truck,1,447.53,3.6,2502.6,No Prazo
910,486.65,17.44,Truck,1,177.51,2.6,2100.93,No Prazo
911,728.84,25.28,Truck,3,438.06,2.5,3896.14,Atrasado
912,358.27,53.83,Truck,3,219.24,1.4,2794.37,Atrasado
913,767.77,59.82,Carreta,3,183.2,1.1,4200.72,Atrasado
914,520.82,28.42,Rodotrem,0,90.15,1.7,2083.82,No Prazo
915,684.85,32.43,Truck,0,459.22,2.2,3434.61,No Prazo
916,551.55,46.1,Carreta,1,441.05,4.0,3633.08,No Prazo
917,388.64,54.31,Carreta,2,178.97,4.6,2434.57,No Prazo
918,1140.72,39.65,Rodotrem,1,462.16,2.0,4869.59,Atrasado
919,928.15,29.58,Carreta,4,554.81,4.0,4907.74,Atrasado
920,211.13,30.63,Truck,0,109.42,3.4,802.18,No Prazo
921,1048.74,44.78,Truck,3,177.95,2.3,5427.04,No Prazo
922,610.55,10.16,Carreta,0,462.64,1.0,2435.95,Atrasado
923,1078.74,40.98,Rodotrem,3,200.98,4.3,4774.16,Atrasado
924,969.83,27.77,Truck,4,393.57,5.8,4824.68,Atrasado
925,539.0,49.71,Truck,4,94.64,2.6,3485.43,No Prazo
926,75.84,14.65,Rodotrem,0,298.71,1.9,800.0,No Prazo
927,358.98,39.41,Rodotrem,3,456.5,7.2,3418.74,No Prazo
928,672.88,34.05,Rodotrem,4,427.58,2.9,4058.61,Atrasado
929,778.5,42.12,Carreta,1,498.29,2.6,3776.48,No Prazo
930,346.57,13.24,Truck,1,532.6,7.0,2223.22,No Prazo
931,210.26,39.0,Carreta,3,475.25,6.7,2180.05,Atrasado
932,1010.17,38.07,Carreta,0,419.37,4.1,4166.17,Atrasado
933,1182.06,38.03,Truck,4,67.45,4.4,5470.86,Atrasado
934,654.54,40.17,Carreta,0,344.23,2.5,3038.76,No Prazo
935,247.43,43.82,Carreta,1,70.73,1.5,2417.55,No Prazo
936,363.15,50.25,Truck,4,494.44,5.0,3432.3,Atrasado
937,71.15,23.49,Carreta,0,226.4,1.7,800.0,No Prazo
938,1101.44,51.25,Carreta,2,359.34,4.1,4968.44,Atrasado
939,185.41,34.91,Rodotrem,3,203.69,7.6,2571.27,No Prazo
940,712.99,13.85,Truck,3,480.38,7.7,3823.29,Atrasado
941,365.16,12.93,Truck,2,537.58,2.7,2671.43,No Prazo
942,687.3,26.71,Carreta,1,269.25,5.4,3259.44,Atrasado
943,799.13,49.24,Truck,4,524.61,4.3,4615.08,Atrasado
944,1004.2,45.38,Carreta,3,196.89,7.1,5368.0,Atrasado
945,287.38,49.43,Carreta,2,344.06,2.9,2340.84,No Prazo
946,62.65,35.86,Truck,2,522.32,1.0,1865.0,No Prazo
947,207.42,32.01,Carreta,1,229.23,2.1,1660.62,No Prazo
948,1085.02,17.37,Carreta,1,574.72,3.4,4943.06,Atrasado
949,1054.97,26.41,Truck,0,117.03,3.2,4673.86,Atrasado
950,737.03,31.7,Rodotrem,3,60.05,6.5,3646.49,Atrasado
951,740.59,14.43,Rodotrem,0,547.27,5.8,3302.76,No Prazo
952,814.79,21.03,Carreta,2,87.76,3.1,3728.37,Atrasado
953,251.68,39.91,Carreta,4,595.54,4.2,2604.69,No Prazo
954,1101.57,46.78,Carreta,4,573.27,1.7,6110.27,Atrasado
955,531.59,59.92,Rodotrem,1,125.36,7.3,3853.81,Atrasado
956,490.61,56.66,Carreta,4,345.67,7.5,3610.77,Atrasado
957,646.76,42.13,Carreta,4,151.71,7.9,3499.74,Atrasado
958,104.01,31.06,Rodotrem,4,285.49,7.1,1784.23,No Prazo
959,241.23,41.81,Truck,2,83.78,2.2,1674.69,No Prazo
960,898.74,49.28,Rodotrem,4,173.16,1.3,4841.7,Atrasado
961,145.22,15.92,Truck,4,249.8,5.1,2320.82,Atrasado
962,743.62,30.5,Truck,4,291.26,7.4,4426.88,No Prazo
963,332.15,51.99,Truck,0,587.62,2.2,2625.46,No Prazo
964,497.69,29.19,Rodotrem,2,494.33,1.0,3065.11,Atrasado
965,382.0,38.59,Rodotrem,1,455.58,6.6,2591.67,No Prazo
966,459.02,39.39,Carreta,0,345.37,1.5,2927.42,No Prazo
967,876.9,19.22,Carreta,3,512.0,3.9,4438.65,No Prazo
968,391.69,28.11,Carreta,2,236.63,5.8,2817.98,No Prazo
969,701.37,26.73,Rodotrem,2,439.89,2.7,3382.15,No Prazo
970,597.46,11.31,Carreta,3,596.58,1.6,3191.45,No Prazo
971,813.22,11.21,Truck,3,223.05,6.4,4014.66,Atrasado
972,1127.35,51.58,Truck,3,420.71,5.4,6109.72,Atrasado
973,892.46,23.65,Carreta,1,514.37,7.9,4158.51,Atrasado
974,297.18,35.9,Carreta,4,553.69,3.4,3155.0,Atrasado
975,85.86,24.94,Truck,2,444.86,1.4,1324.91,No Prazo
976,351.6,57.03,Truck,4,205.98,6.1,3897.8,No Prazo
977,734.34,22.96,Rodotrem,4,229.46,4.7,3703.18,No Prazo
978,109.14,31.48,Truck,3,61.42,2.5,1745.36,Atrasado
979,620.82,53.64,Carreta,1,468.49,6.5,3945.32,No Prazo
980,736.37,52.1,Rodotrem,0,73.51,2.4,4269.28,No Prazo
981,434.38,19.31,Carreta,1,525.56,2.8,2622.13,Atrasado
982,936.55,50.13,Truck,4,115.26,1.6,4540.04,Atrasado
983,172.59,32.91,Carreta,1,144.53,3.8,1821.05,No Prazo
984,136.41,34.15,Rodotrem,3,312.09,3.9,2193.47,No Prazo
985,887.42,16.67,Carreta,0,455.83,4.6,3778.39,Atrasado
986,619.82,14.03,Rodotrem,3,126.45,6.0,2783.98,No Prazo
987,841.66,46.4,Truck,0,292.04,7.3,4027.15,No Prazo
988,550.05,34.82,Carreta,4,315.57,2.0,3666.94,Atrasado
989,333.36,31.84,Carreta,0,166.76,1.4,1352.4,No Prazo
990,991.97,46.48,Rodotrem,0,113.56,1.1,4105.09,Atrasado
991,969.33,48.28,Truck,0,510.03,2.0,4879.39,Atrasado
992,848.9,17.95,Rodotrem,1,326.36,5.6,3767.89,No Prazo
993,362.97,40.51,Carreta,1,57.91,6.1,3055.71,No Prazo
994,728.77,16.77,Truck,4,491.64,6.5,3527.17,No Prazo
995,465.12,47.57,Truck,0,589.44,2.7,2780.67,Atrasado
996,155.32,42.85,Rodotrem,2,383.26,3.1,1412.19,No Prazo
997,1104.91,57.83,Truck,4,327.04,4.4,6321.8,Atrasado
998,207.34,13.45,Truck,0,533.13,1.4,1225.22,No Prazo
999,1142.77,12.85,Truck,0,573.88,5.3,4130.97,Atrasado
1000,562.91,24.11,Rodotrem,1,465.0,7.9,3061.72,Atrasado
